<?xml version="1.0" encoding="utf-8"?>
<odoo>
    <data>
        <record id="mass_mail_campaign_1" model="utm.campaign">
            <field name="name">Newsletter</field>
            <field name="stage_id" ref="utm.campaign_stage_1" />
            <field name="user_id" ref="base.user_admin" />
            <field name="tag_ids" eval="[(6,0,[ref('utm.utm_tag_1')])]" />
        </record>
        <record id="mass_mail_1" model="mailing.mailing">
            <field name="name">Approvals Custom</field>
            <field name="subject">Monthly Newsletter</field>
            <field name="state">done</field>
            <field name="user_id" ref="base.user_admin" />
            <field name="email_from">info@yourcompany.example.com</field>
            <field name="sent_date" eval="(DateTime.today() - relativedelta(days=5)).strftime('%Y-%m-%d %H:%M:%S')" />
            <field name="campaign_id" ref="mass_mail_campaign_1" />
            <field name="source_id" ref="mass_mailing.utm_source_0" />
            <field name="mailing_model_id" ref="base.model_res_partner" />
            <field name="mailing_domain" eval="[('parent_id', '=', ref('base.res_partner_4'))]" />
            <field name="reply_to_mode">new</field>
            <field name="reply_to">Info &lt;info@yourcompany.example.com&gt;</field>
            <field name="body_arch" type="html">
                <div class="o_layout o_default_theme oe_unremovable oe_unmovable" data-name="Mailing">
                    <div class="container o_mail_wrapper oe_unremovable oe_unmovable" style="border-collapse:collapse;">
                        <div class="row">
                            <div class="col o_mail_no_options o_mail_wrapper_td bg-white oe_structure" style="text-align:left;width:100%;">
                                <div class="o_mail_block_header_logo" data-snippet="s_mail_block_header_logo">
                                    <div class="o_mail_snippet_general" style="margin:0px auto 0px auto;background-color:rgb(255, 255, 255);max-width:600px;width:100%;">
                                        <div class="container o_mail_table_styles o_mail_h_padding" style="padding:0 20px 0 20px;width:100%;border-collapse:separate;">
                                            <div class="row">
                                                <div valign="center" width="30%" class="col text-center o_mail_v_padding pb0" style="padding:20px 0 0px 0;vertical-align:middle;text-align:center;">
                                                    <a href="http://www.example.com" style="text-decoration:none;font-weight:bold;background-color:transparent;color:rgb(100, 89, 116);">
                                                        <img border="0" src="/mass_mailing/static/src/img/theme_default/s_default_image_logo.png" style="border-style:none;height:auto;vertical-align:middle;max-width:400px;width:auto" />
                                                    </a>
                                                </div>
                                            </div>
                                        </div>
                                    </div>
                                </div>
                                <div class="o_mail_block_footer_separator" data-snippet="s_hr" style="margin:0 20px 0 20px;">
                                    <div class="o_mail_snippet_general" style="margin:0px auto 0px auto;background-color:rgb(255, 255, 255);max-width:600px;width:100%;">
                                        <div class="container o_mail_table_styles o_mail_full_width_padding" style="width:100%;border-collapse:separate;">
                                            <div class="row">
                                                <div valign="top" style="padding:20px 0 20px 0;text-align:left;vertical-align:top;width:100%;" class="col o_mail_v_padding o_mail_no_colorpicker">
                                                    <div style="background-color:rgb(245, 245, 245);height:2px;width:100%;" class="separator"></div>
                                                </div>
                                            </div>
                                        </div>
                                    </div>
                                </div>
                                <div class="o_mail_block_text" data-snippet="s_text_block">
                                    <div class="o_mail_snippet_general" style="margin:0px auto 0px auto;background-color:rgb(255, 255, 255);max-width:600px;width:100%;">
                                        <div class="container o_mail_table_styles" style="width:100%;border-collapse:separate;">
                                            <div class="row">
                                                <div class="col-12 o_mail_h_padding o_mail_v_padding o_mail_no_colorpicker" style="padding:20px;text-align:left;vertical-align:top;">
                                                    <p style="margin:0px 0 1rem 0;font-size:14px;">
                                                        Great stories have personality. Consider telling a great story that provides personality. Writing a story with personality for potential clients will assist with making a relationship connection. This shows up in small quirks like word choices or phrases. Write from your point of view, not from someone else's experience.
                                                        <br />
                                                        Great stories are for everyone even when only written for just one person. If you try to write with a wide general audience in mind, your story will ring false and be bland. No one will be interested. Write for one person. If it’s genuine for the one, it’s genuine for the rest.
                                                    </p>
                                                    <p style="margin:0px 0 1rem 0;font-size:14px;">Nombre del proyecto:</p>
                                                    <p style="margin:0px 0 1rem 0;font-size:14px;">{proyecto}</p>
                                                    <table class="table table-bordered">
                                                        <tbody>
                                                            <tr>
                                                                <td>
                                                                    Horas Pactadas
                                                                </td>
                                                                <td>
                                                                    Horas Trabajadas
                                                                </td>
                                                                <td>
                                                                    Horas Extra
                                                                </td>
                                                            </tr>
                                                            <tr>
                                                                <td>
                                                                    {defined_hours}
                                                                </td>
                                                                <td>
                                                                    {worked_hours}
                                                                </td>
                                                                <td>
                                                                    {extra_hours}
                                                                </td>
                                                            </tr>
                                                        </tbody>
                                                    </table>
                                                </div>
                                            </div>
                                        </div>
                                    </div>
                                </div>
                                <div class="o_mail_block_footer_social o_mail_footer_social_center" data-snippet="s_mail_block_footer_social">
                                    <div class="o_mail_snippet_general" style="margin:0px auto 0px auto;background-color:rgb(255, 255, 255);max-width:600px;width:100%;">
                                        <div align="center" class="o_mail_table_styles container o_mail_full_width_padding" style="border-style:solid none none none;padding:20px 0 20px 0;border-top-color:rgb(245, 245, 245);border-top-width:2px;width:100%;border-collapse:separate;">
                                            <div class="row">
                                                <div class="col o_mail_footer_links o_default_snippet_text" style="padding:10px 0 10px 0;text-align:center;vertical-align:middle;">
                                                    <a href="/unsubscribe_from_list" class="btn btn-link o_default_snippet_text" style="text-decoration:none;border-radius:0.25rem;border-style:solid;padding:0px;cursor:pointer;line-height:1.5;font-size:12px;border-left-color:transparent;border-bottom-color:transparent;border-right-color:transparent;border-top-color:transparent;border-left-width:1px;border-bottom-width:1px;border-right-width:1px;border-top-width:1px;user-select:none;vertical-align:middle;white-space:nowrap;text-align:center;font-weight:bold;display:inline-block;background-color:transparent;color:rgb(100, 89, 116);">Unsubscribe</a>
                                                    |
                                                    <a href="/contactus" class="btn btn-link o_default_snippet_text" style="text-decoration:none;border-radius:0.25rem;border-style:solid;padding:0px;cursor:pointer;line-height:1.5;font-size:12px;border-left-color:transparent;border-bottom-color:transparent;border-right-color:transparent;border-top-color:transparent;border-left-width:1px;border-bottom-width:1px;border-right-width:1px;border-top-width:1px;user-select:none;vertical-align:middle;white-space:nowrap;text-align:center;font-weight:bold;display:inline-block;background-color:transparent;color:rgb(100, 89, 116);">Contact</a>
                                                </div>
                                            </div>
                                            <div class="row">
                                                <div class="col" style="text-align:left;vertical-align:middle;">
                                                    <p class="o_mail_footer_copy" style="margin:0px 0 1rem 0;text-align:center;font-weight:bold;color:rgb(147, 146, 146);font-size:9px;">
                                                        <img src="/web_editor/font_to_img/61945/rgb(147,146,146)/9" data-class="fa fa-copyright" style="border-style:none;max-width:100%;width:100%;vertical-align:middle;height: auto; width: auto;" />
                                                        2018 All Rights Reserved
                                                    </p>
                                                </div>
                                            </div>
                                        </div>
                                    </div>
                                </div>
                            </div>
                        </div>
                    </div>
                    <div align="center" class="container o_mail_table_styles o_mail_full_width_padding" style="width:100%;border-collapse:separate;">
                        <div class="row">
                            <div align="center" style="padding:16px 0 16px 0;" class="col pt16 pb16">
                                Powered by
                                <a target="_blank" href="https://www.odoo.com" style="text-decoration:none;background-color:transparent;color:#875A7B;">Odoo</a>
                            </div>
                        </div>
                    </div>
                </div>
            </field>
        </record>
    </data>
</odoo>