<?xml version="1.0" encoding="utf-8"?>
<odoo>
    <record id="approvals_custom_massive.group_manager_mailing_approvals" model="res.groups">
        <field name="name">Manager mailing approvals</field>
        <field name="category_id" ref="base.module_category_human_resources_approvals" />
        <field name="implied_ids" eval="[(4, ref('approvals.group_approval_manager'))]" />
        <field name="users" eval="[(4, ref('base.user_admin'))]" />
    </record>
    <record id="group_manager_mailing_approvals_wizard" model="ir.rule">
        <field name="name">Manager mailing approvals</field>
        <field name="model_id" ref="approvals_custom_massive.model_approvals_wizard" />
        <field name="groups" eval="[(4, ref('approvals_custom_massive.group_manager_mailing_approvals'))]" />
        <field name="perm_read" eval="True" />
        <field name="perm_write" eval="True" />
        <field name="perm_create" eval="True" />
        <field name="perm_unlink" eval="False" />
    </record>
    <record id="group_manager_mailing_approvals_template" model="ir.rule">
        <field name="name">Manager mailing approvals</field>
        <field name="model_id" ref="approvals_custom_massive.model_approvals_template" />
        <field name="groups" eval="[(4, ref('approvals_custom_massive.group_manager_mailing_approvals'))]" />
        <field name="perm_read" eval="True" />
        <field name="perm_write" eval="True" />
        <field name="perm_create" eval="True" />
        <field name="perm_unlink" eval="False" />
    </record>
    <record id="group_manager_mailing_approvals_mailing" model="ir.rule">
        <field name="name">Manager mailing approvals</field>
        <field name="model_id" ref="mass_mailing.model_mailing_mailing" />
        <field name="groups" eval="[(4, ref('approvals_custom_massive.group_manager_mailing_approvals'))]" />
        <field name="perm_read" eval="True" />
        <field name="perm_write" eval="True" />
        <field name="perm_create" eval="True" />
        <field name="perm_unlink" eval="False" />
    </record>
    <record id="group_manager_mailing_approvals_mail" model="ir.rule">
        <field name="name">Manager mailing approvals</field>
        <field name="model_id" ref="mail.model_mail_mail" />
        <field name="groups" eval="[(4, ref('approvals_custom_massive.group_manager_mailing_approvals'))]" />
        <field name="perm_read" eval="True" />
        <field name="perm_write" eval="True" />
        <field name="perm_create" eval="True" />
        <field name="perm_unlink" eval="False" />
    </record>
    <!-- mail.mail to group-->
    <record model="ir.model.access" id="access_mail_mail_group_user">
        <field name="name">access_manager_mailing_approvals_mail</field>
        <field name="model_id" ref="mail.model_mail_mail" />
        <field name="group_id" ref="base.group_user" />
        <field name="perm_read">1</field>
        <field name="perm_write">1</field>
        <field name="perm_create">1</field>
        <field name="perm_unlink">0</field>
    </record>
    <record model="ir.model.access" id="access_mailing_mailing_group_user">
        <field name="name">access_manager_mailing_approvals_mail</field>
        <field name="model_id" ref="mass_mailing.model_mailing_mailing" />
        <field name="group_id" ref="base.group_user" />
        <field name="perm_read">1</field>
        <field name="perm_write">1</field>
        <field name="perm_create">1</field>
        <field name="perm_unlink">0</field>
    </record>
</odoo>